first_start;second_start;length;id_type;first_seq;second_seq;alt_second_seq;errs;Deletions;5_breakpoint;3_breakpoint;Deletion_length_bp;Deletion_of_replication_origins;Location_of_the_deleted_region;Single_mtDNA_deletions;Multiple_mtDNA_deletions;Healthy_tissues;Parkinson_Disease;Inclusion_Body_Myositis;Tumour;Other_clinical_features;References
113;14389;10;1;ACATGCAAAC;ACACGCAAAC;ACACGCAAAC;1;123:14400;123;14400;7261;14276;C57BL/6J POLG transgenic;[17];genbank U53584;;;;;;;
179;13749;10;1;ATCAAGCACA;ATTAAGCACA;ATTAAGCACA;1;173:13754;173;13754;6963;13580;C57B1/6JNia or C57B1/6NNia;[6];;;;;;;;
185;13759;10;1;CACATTAAAA;CAAATTAAAA;CAAATTAAAA;1;173:13754;173;13754;6963;13580;C57B1/6JNia or C57B1/6NNia;[6];;;;;;;;
331;4874;13;1;AACCCAAACTAAT;AACCCAACCTAAT;AACCCAACCTAAT;1;344:4888;344;4888;2616;4543;C57BL/6;[3; 4];;;;;;;
339;15137;11;1;CTAATTATCTT;CTACTTATCTT;CTACTTATCTT;1;350:15149;350;15149;7749;14798;C57BL/6J POLG transgenic;[17];genbank U53584;;;;;;;
1099;4920;14;1;CCTAGCCCTAGCCC;CCTACCCCTAGCCC;CCTACCCCTAGCCC;1;1094:4916;1094;4916;3005;3821;C57 or NMRI;[2];;;;;;;;
1104;4919;11;1;CCCTAGCCCTA;CCCTACCCCTA;CCCTACCCCTA;1;1094:4916;1094;4916;3005;3821;C57 or NMRI;[2];;;;;;;;
5450;15161;10;1;GGTCAACCAG;GGCCAACCAG;GGCCAACCAG;1;5445:15162;5445;15162;10303;9716;C57BL/6J mitoPstI mice;[15];;;;;;;;
7966;13224;18;1;TAATAGGATTCCCAATCG;TATTAGGATTCCTAATCG;TATTAGGATTCCTAATCG;2;7965:13224;7965;13224;10594;5258;C57 or NMRI;[2];;;;;;;;
8415;12233;10;1;ATTACTGCAG;AATACTGCAG;AATACTGCAG;1;8404:12245;8404;12245;10324;3840;C57BL/6J mitoPstI mice;[15];;;;;;;;
8670;14801;10;1;TTTCAGCCCT;TTTCACCCCT;TTTCACCCCT;1;8681:14786;8681;14786;11733;6104;ND-ND;[13];after Mito-ScaI-HA expression;;;;;;;
8674;13654;17;1;AGCCCTCCTTCTAACAT;ATCCCTCCTTCCAACAT;ATCCCTCCTTCCAACAT;2;8685:13666;8685;13666;11175;4980;C57 or NMRI;[2];;;;;;;;
8683;13674;10;1;TCTAACATCA;TCCAACATCA;TCCAACATCA;1;8685:13666;8685;13666;11175;4980;C57 or NMRI;[2];;;;;;;;
8714;14119;15;1;TATAATTCAATTACA;TGTAATTCAACTACA;TGTAATTCAACTACA;2;8724:14130;8724;14130;11427;5405;ICR;[19];;;;;;;;
8883;13125;13;1;TCTTTGCAGGATT;TCTTTGCAGGATT;TCTTTGCAGGATT;0;8896:13139;8896;13139;11017;4242;C57BL/6J; Balb/c; C57BL;[5;18; 21];;;;
8907;12773;10;1;TCTATCATTC;TCAATCATTC;TCAATCATTC;1;8917:12784;8917;12784;10850;3866;C57 or NMRI, Polga+/mut;[14];;;;;;;;
8911;12285;10;1;TCATTCTAGC;TCATTTTAGC;TCATTTTAGC;1;8899:12292;8899;12292;10595;3392;C57 or NMRI;[14];;;;;;;;
8938;14251;13;1;TCTAGGAGGCTGC;TCTAGGAGTCTGC;TCTAGGAGTCTGC;1;8946:14260;8946;14260;11603;5313;NZB-NZB;[13];after Mito-ScaI-HA expression;;;;;;;
9010;14491;10;1;AGTACTTCTA;AGTACTTCTA;AGTACTTCTA;0;9001:14495;9001;14495;11748;5493;BALB-BALB;[13];after Mito-ScaI-HA expression;;;;;;;
9074;12589;10;1;AACCACATAA;AACCACATTA;AACCACATTA;1;9082:12574;9082;12574;10828;3491;Polga+/mut;[14];;;;;;;;
9075;13086;10;1;ACCACATAAA;ACCTCATAAA;ACCTCATAAA;1;9067:13086;9067;13086;11076;4018;C57 or NMRI;[14];;;;;;;;
9153;12637;10;1;AAACATCATT;AAAAATCATT;AAAAATCATT;1;9139:12623;9139;12623;10881;3483;Polgamut/mut;[14];;;;;;;;
9160;13060;10;1;ATTCTCCATT;AATCTCCATT;AATCTCCATT;1;9175:13072;9175;13072;11123;3896;Polga+/mut;[14];;;;;;;;
9366;13062;10;1;TCTCCATTTA;TCTCCATTAA;TCTCCATTAA;1;9360:13056;9360;13056;11208;3695;Polga+/mut;[14];;;;;;;;
11513;14269;10;1;AGTCCAAAAC;AGTCCAAATC;AGTCCAAATC;1;11513:14261;11513;14261;12887;2747;PolgAmut/PolgAmut;[16];;;;;;;;
5596;15457;11;2;AGATATAGCAT;TGTATATCGTA;ACATATAGCAT;1;5597:15446;5597;15446;10521;9848;C57BL/6J mitoPstI mice;[15];;;;;;;;
5699;15136;10;2;GGATGAACAG;CCTACTTATC;GGATGAATAG;1;5704:15133;5704;15133;10418;9428;C57BL/6J mitoPstI mice;[15];;;;;;;;
9081;13019;10;2;TAAATCAAGC;ATTTACTTCG;TAAATGAAGC;1;9078:13007;9078;13007;11042;3928;Polgamut/mut;[14];;;;;;;;
4056;13753;10;3;AAACCCACGA;AGCACACAAA;AAACACACGA;1;4060:13765;4060;13765;8912;9704;PolgAmut/PolgAmut;[16];;;;;;;;
7656;14813;10;3;ACTAAAATAT;TATACAATCA;ACTAACATAT;1;7665:14818;7665;14818;11241;7152;C57BL/6;[4];;;;;;;;
7998;15059;10;3;ATATTTCCTT;TTCCTTCATA;ATACTTCCTT;1;7992:15051;7992;15051;11521;7058;C57BL/6;[4];;;;;;;;
8033;14916;10;3;CCTAATCAAC;CAGCTAATCC;CCTAATCGAC;1;8022:14908;8022;14908;11465;6885;C57BL/6;[4];;;;;;;;
9295;12649;10;3;ACATCACTTC;CTTCTCTACA;ACATCTCTTC;1;9287:12654;9287;12654;10970;3366;Polgamut/mut;[14];;;;;;;;
285;4984;10;4;TCTTAGGGTT;AGCCCTAAGA;TCTTAGGGCT;1;288:4998;288;4998;2643;4709;C57BL/6;[3; 4];;;;;;;
2572;15339;10;4;GACAAGAGAA;TTCTCTTCTC;GAGAAGAGAA;1;2576:15325;2576;15325;8950;12748;FVB/N twinkle mutant;[12];;;;;;;;
8719;14119;10;4;TTCAATTACA;TGTAATTCAA;TTGAATTACA;1;8724:14130;8724;14130;11427;5405;ICR;[19];;;;;;;;
